수집된 시간,상품명,가격,시간,지역 정보
2024-11-30 05:00:25,새상품)정품 노스페이스 여성 눕시 숏패딩 모든사이즈 (크롭자켓),"279,000",AD,경기도 안산시 상록구 이동
2024-11-30 05:00:25,정품)새상품 폴로 여성용 꽈배기 라운드 케이블 니트,"69,800",AD,경기도 안산시 상록구 이동
2024-11-30 05:00:25,노스페이스 노벨티 화이트라벨 눕시 s,"330,000",4초 전,지역정보 없음
2024-11-30 05:00:25,"TASI 타시 A라인 원피스, leshop 르샵 점프슈트 원피스","30,000",5초 전,지역정보 없음
2024-11-30 05:00:25,(새제품) 폴로 보이즈 쿼터 집업 풀오버 스웻셔츠-XL (성인여성 66),"75,000",6초 전,지역정보 없음
2024-11-30 05:00:25,휘메일 풀스킨 나파 밍크코트 66~77사이즈 안감새것 드라이완료,"700,000",AD,경기도 고양시 일산서구 탄현동
2024-11-30 05:00:25,한섬 타임 캐시미어 울 홀가먼트 후드 니트 원피스 90F,"300,000",AD,지역정보 없음
2024-11-30 05:00:25,아디다스 유로파 블루 져지,"30,000",6초 전,지역정보 없음
2024-11-30 05:00:25,sjyp청치마,"50,000",7초 전,지역정보 없음
2024-11-30 05:00:25,(새상품) 캐시미어100% 차터클럽 크루넥 S(66) - 펄토프,"65,000",8초 전,지역정보 없음
2024-11-30 05:00:25,여성 휠라 덕다운패딩 M사이즈 c10279,"39,900",8초 전,지역정보 없음
2024-11-30 05:00:25,우단모피 블랙그라마 77사이즈 안감새것 드라이완료,"800,000",AD,경기도 고양시 일산서구 일산2동
2024-11-30 05:00:25,오드스튜디오 프린지 워싱 와이드 데님,"26,000",9초 전,지역정보 없음
2024-11-30 05:00:25,새상품)버버리 일본 숄카라 롱코트,"320,000",10초 전,지역정보 없음
2024-11-30 05:00:25,오픈와이와이 openyy 옴브레 마원 ombre ma1 카키,"275,000",10초 전,서울특별시 관악구 청림동
2024-11-30 05:00:25,"(새상품) 최화정 타미힐피거 티셔츠 네이비 스트라입 XS,S","43,000",10초 전,지역정보 없음
2024-11-30 05:00:26,노스페이스 눕시 크롭 라벤더,"270,000",AD,경기도 김포시 운양동
2024-11-30 05:00:26,어텀 아워딥데님 와이드팬츠,"22,000",11초 전,지역정보 없음
2024-11-30 05:00:26,팬콧 후드집업,"20,000",11초 전,지역정보 없음
2024-11-30 05:00:26,타임 니트 반팔 셔츠,"30,000",11초 전,지역정보 없음
2024-11-30 05:00:26,여성 지오송지오 덕다운패딩 105사이즈 c10118,"39,900",12초 전,지역정보 없음
2024-11-30 05:00:26,(남여공용)벨벳 보아털 두줄 밴딩팬츠 M-XL,"23,800",AD,지역정보 없음
2024-11-30 05:00:26,(새상품)바이씨니 노동니트 레드 프리사이즈,"27,000",13초 전,지역정보 없음
2024-11-30 05:00:26,yuse 유즈 투톤 레터링 슬리브리스 니트탑 핑크,"45,000",14초 전,서울특별시 관악구 청림동
2024-11-30 05:00:26,토리버치 울코트,"95,000",15초 전,지역정보 없음
2024-11-30 05:00:26,아디다스 핑크 크롭 져지,"40,000",18초 전,지역정보 없음
2024-11-30 05:00:26,정품)새상품 폴로 꽈배기 가디건 니트 여성용 케이블,"72,900",AD,경기도 안산시 상록구 이동
2024-11-30 05:00:26,폴로 랄프로렌 덕다운패딩 90사이즈 c11028,"99,900",18초 전,지역정보 없음
2024-11-30 05:00:26,밍크터치 아우터 새거에요,"49,000",18초 전,지역정보 없음
2024-11-30 05:00:26,오브제원피스44새제품,"48,000",19초 전,지역정보 없음
2024-11-30 05:00:26,스컬프터 루디멘트 윈드베스트 블랙,"72,000",20초 전,서울특별시 관악구 청림동
2024-11-30 05:00:26,노스페이스 여성 눕시 온볼 RBK NJ3NP85D,"200,000",20초 전,경기도 수원시 권선구 세류1동
2024-11-30 05:00:26,에고이스트,"30,000",21초 전,지역정보 없음
2024-11-30 05:00:26,니트외결제,"139,000",22초 전,지역정보 없음
2024-11-30 05:00:27,레오날드 실크 롱원피스,"350,000",22초 전,지역정보 없음
2024-11-30 05:00:27,무신사 다운 푸퍼 숏 패딩S(미사용),"60,000",22초 전,지역정보 없음
2024-11-30 05:00:27,정품)새상품 폴로 여성용 꽈배기 라운드 케이블 니트,"69,800",AD,경기도 안산시 상록구 이동
2024-11-30 05:00:27,아디다스 일본 져지,"35,000",23초 전,지역정보 없음
2024-11-30 05:00:27,예쁜 드레스 팔아요 (이탈리아에서 구매) 연주드레스,"100,000",23초 전,지역정보 없음
2024-11-30 05:00:27,럭키슈에뜨 맨투맨,"25,000",25초 전,지역정보 없음
2024-11-30 05:00:27,베이지 핀턱 와이드 슬랙스,"34,000",25초 전,경기도 안산시 단원구 호수동
2024-11-30 05:00:27,마뗑킴 패딩 조끼 S B0064,"160,000",AD,지역정보 없음
2024-11-30 05:00:27,아이보리 숏 크롭 얇은 점퍼,"26,000",25초 전,경기도 안산시 단원구 호수동
2024-11-30 05:00:27,곽자매 아이보리 하이웨스트 밴딩 와이드 팬츠,"50,000",25초 전,경기도 안산시 단원구 호수동
2024-11-30 05:00:27,연베이지 골지 롱 브이넥 니트 원피스,"23,000",25초 전,경기도 안산시 단원구 호수동
2024-11-30 05:00:27,[m] 블랙&화이트 체크 후리스 후드집업,"18,000",25초 전,경기도 안산시 단원구 호수동
2024-11-30 05:00:27,새상품 털안감 노카라 패딩,"21,000",AD,지역정보 없음
2024-11-30 05:00:27,소라그레이 소매 퍼프 시스루 가디건,"20,000",25초 전,경기도 안산시 단원구 호수동
2024-11-30 05:00:27,66 스커트 6개 일괄 판매,"50,000",25초 전,경기도 안산시 단원구 호수동
2024-11-30 05:00:27,중고 나시 일괄 판매,"20,000",25초 전,경기도 안산시 단원구 호수동
2024-11-30 05:00:27,[s] 블랙 스트랩 맥시 롱 랩 슬랙스,"35,000",25초 전,경기도 안산시 단원구 호수동
2024-11-30 05:00:28,나이키 빅스우시 핑크 퍼,"199,000",AD,지역정보 없음
2024-11-30 05:00:28,레노마 폭스퍼 알파카 코트,"75,000",26초 전,지역정보 없음
2024-11-30 05:00:28,밍크 트리밍 롱패딩 55,"15,000",27초 전,지역정보 없음
2024-11-30 05:00:28,꼼 데 가르송 티어드 스커트,"156,000",28초 전,부산광역시 해운대구 좌제2동
2024-11-30 05:00:28,요지야마모토 Ys 80s 코튼 블레이져,"154,000",28초 전,부산광역시 해운대구 좌제2동
2024-11-30 05:00:28,까웨 아노락 패딩,"185,000",AD,지역정보 없음
2024-11-30 05:00:28,꼼 데 가르송 로브드샹브르 AD1995 끈 스커트,"158,000",28초 전,부산광역시 해운대구 좌제2동
2024-11-30 05:00:28,꼼 데 가르송 ad2006 플리츠 플레어스커트,"145,000",28초 전,부산광역시 해운대구 좌제2동
2024-11-30 05:00:28,꼼 데 가르송 트리콧 ad2003 데님 벨벳 스커트,"148,000",28초 전,부산광역시 해운대구 좌제2동
2024-11-30 05:00:28,아디다스 금색져지,"35,000",28초 전,지역정보 없음
2024-11-30 05:00:28,새상품)정품 노스페이스 여성 눕시 숏패딩 모든사이즈 (크롭자켓),"279,000",AD,경기도 안산시 상록구 이동
2024-11-30 05:00:28,[새상품급] ALLFORYOU 올포유 거위솜털 점퍼 네이비 77~88사이,"29,000",28초 전,지역정보 없음
2024-11-30 05:00:28,라코스테 기모 슬림 롱티셔츠 맨투맨 원피스 M,"20,000",29초 전,지역정보 없음
2024-11-30 05:00:28,닉앤니콜 스퀘어넥 니트 나시(텍제거x새상품),"15,000",30초 전,지역정보 없음
2024-11-30 05:00:28,기모 트랙 롱스커트 블랙(미사용품),"20,000",33초 전,지역정보 없음
2024-11-30 05:00:28,[free] 마르디 맨투맨,"32,000",AD,지역정보 없음
2024-11-30 05:00:28,아디다스 유로파 파랑 블루 져지,"40,000",33초 전,지역정보 없음
2024-11-30 05:00:29,폴햄 캐시미어 블렌디드 스웨터 니트티셔츠,"17,820",34초 전,지역정보 없음
2024-11-30 05:00:29,대동모피 아메리칸 레전드 블루아이리스 밍크 77,"380,000",36초 전,지역정보 없음
2024-11-30 05:00:29,블랙업옥스포드오버핏화이트셔츠 레이어드티에이블리무신사자켓크롭스트라이프,"22,000",38초 전,지역정보 없음
2024-11-30 05:00:29,프라다 리나일론 컨버터블 숏패딩 36,"2,200,000",AD,지역정보 없음
2024-11-30 05:00:29,아디다스 슈퍼스타 레드 져지,"40,000",39초 전,지역정보 없음
2024-11-30 05:00:29,MARIANI ) 양면 퀄팅 롱자켓 66,"20,000",39초 전,지역정보 없음
2024-11-30 05:00:29,새상품 고급 브이넥 니트 가디건,"45,000",43초 전,지역정보 없음
2024-11-30 05:00:29,자라와이드팬츠바지m니트코트후드티집업패딩무신사나이키맨투맨레더자켓스웨터,"25,000",43초 전,지역정보 없음
2024-11-30 05:00:29,오픈와이와이 코위찬 자켓 s,"240,000",43초 전,지역정보 없음
2024-11-30 05:00:29,샵오공이 카고숏치마 큐빈티지 와이즈걸 파우닝,"15,000",45초 전,지역정보 없음
2024-11-30 05:00:29,엄브로 숏다운 그레이,"190,000",46초 전,경기도 수원시 장안구 정자3동
2024-11-30 05:00:29,엔테일러 슬랙스 2사이즈,"7,000",46초 전,지역정보 없음
2024-11-30 05:00:29,(66)여성 비비올리비아 퀼팅 다운 패딩 점퍼,"30,000",47초 전,지역정보 없음
2024-11-30 05:00:29,자라 다운쟈켓 패딩(가격인하),"30,000",AD,지역정보 없음
2024-11-30 05:00:29,더바이닐하우스 그런지 가디건,"150,000",47초 전,지역정보 없음
2024-11-30 05:00:29,자라브라운니트롱원피스코트후드티집업패딩에이블리맨투맨스웨터자켓조거팬츠워싱진,"38,000",47초 전,지역정보 없음
2024-11-30 05:00:30,니트 투피스 f,"15,000",48초 전,지역정보 없음
2024-11-30 05:00:30,안다르 레깅스(새상품),"15,000",48초 전,지역정보 없음
2024-11-30 05:00:30,폴로 랄프로렌 여성 코튼 화이트 셔츠,"95,000",AD,경기도 부천시 춘의동
2024-11-30 05:00:30,코트 160,"25,000",48초 전,지역정보 없음
2024-11-30 05:00:30,망고니트 m,"8,000",48초 전,지역정보 없음
2024-11-30 05:00:30,zooc 원피스 66,"65,000",48초 전,지역정보 없음
2024-11-30 05:00:30,시엔느 잭플랙 구스 다운 패딩,"370,000",50초 전,지역정보 없음
2024-11-30 05:00:30,토끼 믹스컬러 베스트 새상품,"100,000",AD,지역정보 없음
2024-11-30 05:00:30,비코튼 도경마켓 오브 블라우스 (택o),"50,000",50초 전,지역정보 없음
2024-11-30 05:00:30,다이앤 forest 모모 트위드팬츠 (핑크베이지 s),"49,000",50초 전,지역정보 없음
2024-11-30 05:00:30,forest 버니 스모킹탑 피치,"52,000",50초 전,지역정보 없음
2024-11-30 05:00:30,라플리에 리에 퍼자켓 lea fur jacket,"170,000",50초 전,대구광역시 달서구 죽전동
2024-11-30 05:00:30,(파격할인)생로랑 플로럴 프린트 봄버 자켓(뷔가입었던 자켓),"990,000",AD,서울특별시 송파구 잠실6동
2024-11-30 05:00:30,볼드 BOLD 스트라이프 더블 셔츠,"58,900",50초 전,지역정보 없음
2024-11-30 05:00:30,더오픈프로덕트 WRAP CROPPED CARDIGAN,"100,000",50초 전,지역정보 없음
2024-11-30 05:00:30,디어마이러브 디마럽 3연 비쥬 스커트 3XL,"40,000",51초 전,지역정보 없음
2024-11-30 05:00:17,마쥬 가디건니트(일본매장정품),"80,000",1분 전,지역정보 없음
2024-11-30 05:00:17,새상품 털안감 노카라 패딩,"21,000",AD,지역정보 없음
2024-11-30 05:00:17,조셉 클래식 더블 울코트 *새상품* 블랙 롱 코트,"500,000",1분 전,지역정보 없음
2024-11-30 05:00:17,아베크롬비가디건 아베크롬비니트가디건,"54,000",1분 전,지역정보 없음
2024-11-30 05:00:17,새제품 라코스테 박시 네이비 원피스 기모안감 M,"55,000",1분 전,지역정보 없음
2024-11-30 05:00:17,아이더 패딩 판매해요,"150,000",1분 전,지역정보 없음
2024-11-30 05:00:17,"(미사용, 드라이클리닝 O) 누빔 코트 자켓 6만원에 팔아요","59,000",AD,지역정보 없음
2024-11-30 05:00:17,디커버리 바람막이 판매해요,"80,000",1분 전,지역정보 없음
2024-11-30 05:00:17,에잇세컨즈 자켓 판매해요,"50,000",1분 전,지역정보 없음
2024-11-30 05:00:17,뉴에라 자켓 판매해요,"100,000",1분 전,지역정보 없음
2024-11-30 05:00:17,노르디스크 바람막이 판매해요,"100,000",1분 전,지역정보 없음
2024-11-30 05:00:17,양털 퍼 패딩조끼 (블랙),"17,500",AD,지역정보 없음
2024-11-30 05:00:17,voice of voices 코트 판매해요,"180,000",1분 전,경기도 고양시 일산서구 탄현동
2024-11-30 05:00:18,24년신상새상품)럭키슈에뜨 퍼자켓,"600,000",1분 전,지역정보 없음
2024-11-30 05:00:18,럭키슈에뜨 후드셔츠,"110,000",1분 전,지역정보 없음
2024-11-30 05:00:18,럭키슈에뜨 세일러자켓,"220,000",1분 전,지역정보 없음
2024-11-30 05:00:18,여성 데상트 덕다운패딩 S사이즈 c10586,"89,900",AD,지역정보 없음
2024-11-30 05:00:18,럭키슈에뜨 가디건,"200,000",1분 전,지역정보 없음
2024-11-30 05:00:18,할인특가)럭키슈에뜨,"105,000",1분 전,지역정보 없음
2024-11-30 05:00:18,럭키슈에뜨원피스,"167,000",1분 전,지역정보 없음
2024-11-30 05:00:18,럭키슈에뜨셔츠,"50,000",1분 전,지역정보 없음
2024-11-30 05:00:18,"여성 원피스, 가방 등 교신가능!!","1,004",1분 전,서울특별시 광진구 구의제1동
2024-11-30 05:00:18,막스카라(브랜드)트위드퀼트자켓새상품,"50,000",1분 전,지역정보 없음
2024-11-30 05:00:18,뽀글이 롱코트 새상품 프리사이즈,"70,000",1분 전,지역정보 없음
2024-11-30 05:00:18,이태리 알파카코트55.66 새상품,"290,000",1분 전,지역정보 없음
2024-11-30 05:00:18,여성베스트66새상품 블랙,"40,000",1분 전,지역정보 없음
2024-11-30 05:00:18,moett 울100 핸드메이드 벨트 반코트,"80,000",AD,지역정보 없음
2024-11-30 05:00:18,쟈딕앤볼테르 리버시블 KASSY 자켓 4계절 야상 자켓 55-66,"70,000",1분 전,경상남도 창원시 마산회원구 양덕2동
2024-11-30 05:00:18,노비야카 가디건 차콜,"24,000",1분 전,지역정보 없음
2024-11-30 05:00:18,로우클래식 스트라이프 티셔츠,"48,000",1분 전,지역정보 없음
2024-11-30 05:00:18,위드아웃썸머 보울 핸드메이드 코트 민트,"73,000",1분 전,지역정보 없음
2024-11-30 05:00:19,무료배송 아이더 스투키 패딩 블랙 퍼 숏패딩 L,"120,000",AD,지역정보 없음
2024-11-30 05:00:19,쓰리타임즈 원피스,"66,000",1분 전,지역정보 없음
2024-11-30 05:00:19,비비안웨스트우드 베아 크롭 가디건 오프화이트,"345,000",1분 전,지역정보 없음
2024-11-30 05:00:19,노비야카 니트,"20,000",1분 전,지역정보 없음
2024-11-30 05:00:19,호와스 레더 자켓,"75,000",1분 전,지역정보 없음
2024-11-30 05:00:19,[정품/새상품] 폴로랄프로렌 여성 케이블 꽈배기 니트 코튼 크루넥 스웨터,"67,900",AD,지역정보 없음
2024-11-30 05:00:19,[새상품급] 누빔 코트 66~88사이즈 블랙,"19,000",1분 전,지역정보 없음
2024-11-30 05:00:19,"[L,100]폴로 여성 브이넥 니트 스웨터 오렌지","30,000",1분 전,지역정보 없음
2024-11-30 05:00:19,온드민 로우 후드니트 팝니다,"83,000",1분 전,지역정보 없음
2024-11-30 05:00:19,새상품 나이키 스포츠웨어 피닉스 플리스 DQ5616-237 바로크 브라운,"62,000",1분 전,지역정보 없음
2024-11-30 05:00:19,무료배송 디스커버리 익스페디션 마젤란 패딩 덕 다운패딩 베이지 100,"120,000",AD,지역정보 없음
2024-11-30 05:00:19,닐바이피 앙고라가디건 핑크,"110,000",1분 전,지역정보 없음
2024-11-30 05:00:19,리얼 양가죽무스탕 양면 밍크카라 무스탕 88사이즈,"99,000",1분 전,지역정보 없음
2024-11-30 05:00:19,뽀글이 조끼 베이지.초코렛색상,"19,000",1분 전,지역정보 없음
2024-11-30 05:00:19,칼라거펠트모조끼66,"40,000",1분 전,지역정보 없음
2024-11-30 05:00:19,매장판새상품)베르사체 바로크 여자 패딩 자켓,"530,000",AD,대전광역시 서구 둔산3동
2024-11-30 05:00:19,푸퍼 크롭 하이넥 여자 패딩점퍼 패딩,"38,000",1분 전,지역정보 없음
2024-11-30 05:00:19,로에베 로고 나시 티셔츠 슬리브리스 민소매 애너그램 탱크,"390,000",1분 전,지역정보 없음
2024-11-30 05:00:20,캘빈클라인 크롭 반팔 티셔츠,"25,000",1분 전,지역정보 없음
2024-11-30 05:00:20,미니멈 원피스,"110,000",1분 전,경기도 안산시 단원구 중앙동
2024-11-30 05:00:20,휘메일 빅후드 롱 밍크코트,"1,800,000",AD,경기도 구리시 갈매동
2024-11-30 05:00:20,마뗑킴 리버시블무스탕,"430,000",1분 전,지역정보 없음
2024-11-30 05:00:20,리즈 더위시 leeds 캐롤 핸드메이드 하프코트,"270,000",1분 전,지역정보 없음
2024-11-30 05:00:20,유메르 모르코 벨티드 스커트,"65,000",1분 전,지역정보 없음
2024-11-30 05:00:20,로에흑청,"40,000",1분 전,지역정보 없음
2024-11-30 05:00:20,노스페이스스카이블루눕시,"350,000",AD,지역정보 없음
2024-11-30 05:00:20,미스치프 탑,"30,000",1분 전,광주광역시 남구 주월2동
2024-11-30 05:00:20,크루얼티프리 알파 스웨이드 자켓,"40,000",1분 전,광주광역시 남구 주월2동
2024-11-30 05:00:20,오아이오아이 멜빵,"80,000",1분 전,경기도 평택시 지산동
2024-11-30 05:00:20,스컬프터 바지,"50,000",1분 전,광주광역시 남구 주월2동
2024-11-30 05:00:20,폴로 랄프로렌 케이블 라운드니트,"60,000",AD,지역정보 없음
2024-11-30 05:00:20,참스 크롭,"25,000",1분 전,광주광역시 남구 월산5동
2024-11-30 05:00:20,아코스튜디오스페이스 니트조끼,"33,000",1분 전,광주광역시 남구 월산5동
2024-11-30 05:00:20,키르시니트,"35,000",1분 전,경기도 평택시 지산동
2024-11-30 05:00:20,여성 네파 구스다운 패딩 S 55사이즈 c10689,"69,900",1분 전,지역정보 없음
2024-11-30 05:00:20,블림핏 에쉬차콜 데님 팬츠 XS 숏,"26,000",1분 전,지역정보 없음
2024-11-30 05:00:20,체크 자켓,"34,900",1분 전,부산광역시 수영구 민락동
2024-11-30 05:00:21,유니클로 카라티,"13,000",1분 전,부산광역시 수영구 민락동
2024-11-30 05:00:21,청자켓,"22,000",1분 전,부산광역시 수영구 민락동
2024-11-30 05:00:21,"[3개2만,니트새거무조건 만원]여자 남자 앙고라 목폴라 크롭 브이넥 니트","10,000",1분 전,지역정보 없음
2024-11-30 05:00:21,모드아이 블랙그라마 풀스킨 숏 밍크자켓 +밍크도트백 Set,"390,000",AD,지역정보 없음
2024-11-30 05:00:21,"[새상품]엄청 보들한 여성 핑크 프릴 브이넥 니트(M,55,66,77)","10,000",1분 전,지역정보 없음
2024-11-30 05:00:21,[새상품]원단 쫀쫀한 긴팔 프릴 트위드 머메이드 니트 미니 원피스 스커트,"20,000",1분 전,지역정보 없음
2024-11-30 05:00:21,"[새상품,사은품]울 100% 트위드 긴팔 밴딩바지 세트 하객룩 봄자켓","15,000",1분 전,지역정보 없음
2024-11-30 05:00:21,[새상품]갓 만든 쫀쫀한 옐로베이지 목폴라 니트(멜빵 청자켓 청치마),"10,000",1분 전,지역정보 없음
2024-11-30 05:00:21,"[일괄,새상품]편하고 튼튼한 여성 스판 슬랙스 바지55 하객룩 정장","10,000",1분 전,지역정보 없음
2024-11-30 05:00:21,[새상품]프릴 체크 나시 뷔스티에 머메이드 롱원피스 롱스커트 하객룩 정장,"15,000",1분 전,지역정보 없음
2024-11-30 05:00:21,"[4개5만,새상품]뉴발란스 나이키 르꼬끄 리복 여자 44 xs 레깅스","50,000",1분 전,지역정보 없음
2024-11-30 05:00:21,"[택포,새상품]해외수입 핑크 니트 레이스 시스루 레이어드 블라우스 하객룩","20,000",1분 전,지역정보 없음
2024-11-30 05:00:21,슬로우앤드 오프숄더 니트,"20,000",1분 전,서울특별시 금천구 독산제1동
2024-11-30 05:00:21,[새제품] 썸플레이스 핀턱 절개 스티치 코튼 와이드 팬츠,"29,000",1분 전,지역정보 없음
2024-11-30 05:00:21,[거의새제품] 챈스챈스맨투맨 와인색상,"25,000",1분 전,지역정보 없음
2024-11-30 05:00:21,"!스판대박! 글램 립포켓 핫팬츠 반바지 [S,M]","27,600",1분 전,지역정보 없음
2024-11-30 05:00:21,버버리니트정품,"84,000",1분 전,지역정보 없음
2024-11-30 05:00:21,나이키 에어 조거팬츠 M 배송비 포함,"15,000",1분 전,충청북도 충주시 교현.안림동
2024-11-30 05:00:22,반팔 롱 s 배송비 포함,"12,000",1분 전,충청북도 충주시 교현.안림동
2024-11-30 05:00:22,브랜디 니트 상의 free 배송비 포함,"18,000",1분 전,충청북도 충주시 교현.안림동
2024-11-30 05:00:22,에이블리 오프숄더 free 배송비 포함,"17,000",1분 전,충청북도 충주시 교현.안림동
2024-11-30 05:00:22,아디다스 유로파 져지 M 배송비 포함,"50,000",1분 전,충청북도 충주시 교현.안림동
2024-11-30 05:00:22,아디다스 파이어버드 져지 xs 배송비 포함,"45,000",1분 전,충청북도 충주시 교현.안림동
2024-11-30 05:00:22,에이블리 바지 - 배송비 포함,"15,000",1분 전,충청북도 충주시 교현.안림동
2024-11-30 05:00:22,에이블리 부츠컷 청바지 - M 배송비 포함,"20,000",1분 전,충청북도 충주시 교현.안림동
2024-11-30 05:00:22,러블리한 분홍 나시+로브,"20,000",1분 전,서울특별시 강북구 인수동
2024-11-30 05:00:22,논코드 위즈 스티치 벨트스커트 청치마,"24,000",1분 전,서울특별시 강북구 우이동
2024-11-30 05:00:22,로엠 플라워 롱 원피스,"39,000",1분 전,서울특별시 강북구 우이동
2024-11-30 05:00:22,감색 민소매 니트 팝니다,"9,000",1분 전,서울특별시 강북구 우이동
2024-11-30 05:00:22,유니콘 프린트 티셔츠,"5,000",1분 전,서울특별시 광진구 자양제4동
2024-11-30 05:00:22,제이브랜드바지,"2,000",1분 전,서울특별시 광진구 자양제4동
2024-11-30 05:00:22,모드니치 키링팬츠 차콜 m,"40,000",1분 전,지역정보 없음
